city_id,product_id,stock_qty,target_stock,prod_per_day
RE0001,PR001,8.0,4.0,0.24
RE0001,PR002,4.0,4.0,0.0
RE0001,PR003,9.0,10.0,0.0
RE0001,PR004,10.0,5.0,0.12
RE0001,PR005,5.0,5.0,0.0
RE0001,PR006,3.0,4.0,0.0
RE0001,PR008,6.0,7.0,0.0
RE0001,PR009,1.0,1.0,0.0
RE0001,PR010,0.0,1.0,0.0
RE0001,PR013,3.0,4.0,0.0
RE0001,PR019,0.0,1.0,0.0
RE0001,PR022,6.0,6.0,0.0
RE0001,PR023,0.0,1.0,0.0
RE0001,PR025,3.0,4.0,0.0
RE0002,PR001,2.0,3.0,0.0
RE0002,PR002,3.0,3.0,0.0
RE0002,PR003,8.0,8.0,0.0
RE0002,PR004,3.0,4.0,0.0
RE0002,PR005,4.0,4.0,0.0
RE0002,PR006,3.0,3.0,0.0
RE0002,PR008,6.0,6.0,0.0
RE0002,PR009,0.0,1.0,0.0
RE0002,PR010,0.0,1.0,0.0
RE0002,PR013,3.0,3.0,0.0
RE0002,PR019,0.0,1.0,0.0
RE0002,PR022,4.0,5.0,0.0
RE0002,PR023,0.0,1.0,0.0
RE0002,PR025,3.0,3.0,0.0
RE0003,PR001,3.0,4.0,0.0
RE0003,PR002,4.0,4.0,0.0
RE0003,PR003,10.0,11.0,0.0
RE0003,PR004,3.0,6.0,0.0
RE0003,PR005,5.0,6.0,0.0
RE0003,PR006,4.0,4.0,0.0
RE0003,PR008,8.0,8.0,0.0
RE0003,PR009,1.0,1.0,0.0
RE0003,PR010,1.0,1.0,0.0
RE0003,PR013,3.0,4.0,0.0
RE0003,PR019,1.0,1.0,0.0
RE0003,PR022,6.0,7.0,0.0
RE0003,PR023,0.0,1.0,0.0
RE0003,PR025,3.0,4.0,0.0
RE0004,PR001,2.0,3.0,0.0
RE0004,PR002,9.0,3.0,0.16
RE0004,PR003,8.0,8.0,0.0
RE0004,PR004,3.0,4.0,0.0
RE0004,PR005,3.0,4.0,0.0
RE0004,PR006,2.0,3.0,0.0
RE0004,PR008,5.0,6.0,0.0
RE0004,PR009,5.0,2.0,0.06
RE0004,PR010,0.0,1.0,0.0
RE0004,PR013,2.0,3.0,0.0
RE0004,PR019,0.0,1.0,0.0
RE0004,PR022,5.0,5.0,0.0
RE0004,PR023,0.0,1.0,0.0
RE0004,PR025,8.0,3.0,0.08
RE0005,PR001,4.0,4.0,0.0
RE0005,PR002,4.0,4.0,0.0
RE0005,PR003,10.0,10.0,0.0
RE0005,PR004,3.0,5.0,0.0
RE0005,PR005,10.0,5.0,0.06
RE0005,PR006,4.0,4.0,0.0
RE0005,PR008,7.0,7.0,0.0
RE0005,PR009,0.0,1.0,0.0
RE0005,PR010,0.0,1.0,0.0
RE0005,PR013,3.0,4.0,0.0
RE0005,PR019,0.0,1.0,0.0
RE0005,PR022,5.0,6.0,0.0
RE0005,PR023,11.0,4.0,0.28
RE0005,PR025,3.0,4.0,0.0
RE0006,PR001,3.0,3.0,0.0
RE0006,PR002,3.0,3.0,0.0
RE0006,PR003,8.0,8.0,0.0
RE0006,PR004,3.0,4.0,0.0
RE0006,PR005,3.0,4.0,0.0
RE0006,PR006,2.0,3.0,0.0
RE0006,PR008,6.0,6.0,0.0
RE0006,PR009,0.0,1.0,0.0
RE0006,PR010,5.0,2.0,0.1
RE0006,PR013,3.0,3.0,0.0
RE0006,PR019,0.0,1.0,0.0
RE0006,PR022,5.0,5.0,0.0
RE0006,PR023,0.0,1.0,0.0
RE0006,PR025,2.0,3.0,0.0
RE0007,PR001,4.0,4.0,0.0
RE0007,PR002,4.0,4.0,0.0
RE0007,PR003,9.0,10.0,0.0
RE0007,PR004,3.0,5.0,0.0
RE0007,PR005,4.0,5.0,0.0
RE0007,PR006,3.0,4.0,0.0
RE0007,PR008,6.0,7.0,0.0
RE0007,PR009,0.0,1.0,0.0
RE0007,PR010,0.0,1.0,0.0
RE0007,PR013,3.0,4.0,0.0
RE0007,PR019,0.0,1.0,0.0
RE0007,PR022,6.0,6.0,0.0
RE0007,PR023,1.0,1.0,0.0
RE0007,PR025,3.0,4.0,0.0
RE0008,PR001,3.0,4.0,0.0
RE0008,PR002,4.0,4.0,0.0
RE0008,PR003,9.0,10.0,0.0
RE0008,PR004,3.0,5.0,0.0
RE0008,PR005,4.0,5.0,0.0
RE0008,PR006,4.0,4.0,0.0
RE0008,PR008,7.0,7.0,0.0
RE0008,PR009,0.0,1.0,0.0
RE0008,PR010,0.0,1.0,0.0
RE0008,PR013,10.0,4.0,0.16
RE0008,PR019,0.0,1.0,0.0
RE0008,PR022,5.0,6.0,0.0
RE0008,PR023,0.0,1.0,0.0
RE0008,PR025,3.0,4.0,0.0
RE0009,PR001,3.0,3.0,0.0
RE0009,PR002,3.0,3.0,0.0
RE0009,PR003,7.0,8.0,0.0
RE0009,PR004,3.0,4.0,0.0
RE0009,PR005,4.0,4.0,0.0
RE0009,PR006,3.0,3.0,0.0
RE0009,PR008,5.0,6.0,0.0
RE0009,PR009,0.0,1.0,0.0
RE0009,PR010,0.0,1.0,0.0
RE0009,PR013,3.0,3.0,0.0
RE0009,PR019,0.0,1.0,0.0
RE0009,PR022,4.0,5.0,0.0
RE0009,PR023,0.0,1.0,0.0
RE0009,PR025,3.0,3.0,0.0
RE0010,PR001,2.0,3.0,0.0
RE0010,PR002,2.0,3.0,0.0
RE0010,PR003,13.0,8.0,0.24
RE0010,PR004,3.0,4.0,0.0
RE0010,PR005,4.0,4.0,0.0
RE0010,PR006,2.0,3.0,0.0
RE0010,PR008,5.0,6.0,0.0
RE0010,PR009,0.0,1.0,0.0
RE0010,PR010,0.0,1.0,0.0
RE0010,PR013,2.0,3.0,0.0
RE0010,PR019,0.0,1.0,0.0
RE0010,PR022,11.0,5.0,0.18
RE0010,PR023,0.0,1.0,0.0
RE0010,PR025,3.0,3.0,0.0
RE0011,PR001,3.0,3.0,0.0
RE0011,PR002,2.0,3.0,0.0
RE0011,PR003,7.0,8.0,0.0
RE0011,PR004,3.0,4.0,0.0
RE0011,PR005,3.0,4.0,0.0
RE0011,PR006,3.0,3.0,0.0
RE0011,PR008,6.0,6.0,0.0
RE0011,PR009,0.0,1.0,0.0
RE0011,PR010,0.0,1.0,0.0
RE0011,PR013,2.0,3.0,0.0
RE0011,PR019,0.0,1.0,0.0
RE0011,PR022,5.0,5.0,0.0
RE0011,PR023,8.0,3.0,0.1
RE0011,PR025,2.0,3.0,0.0
RE0012,PR001,3.0,3.0,0.0
RE0012,PR002,3.0,3.0,0.0
RE0012,PR003,7.0,8.0,0.0
RE0012,PR004,3.0,4.0,0.0
RE0012,PR005,4.0,4.0,0.0
RE0012,PR006,3.0,3.0,0.0
RE0012,PR008,5.0,6.0,0.0
RE0012,PR009,0.0,1.0,0.0
RE0012,PR010,0.0,1.0,0.0
RE0012,PR013,2.0,3.0,0.0
RE0012,PR019,0.0,1.0,0.0
RE0012,PR022,5.0,5.0,0.0
RE0012,PR023,1.0,1.0,0.0
RE0012,PR025,2.0,3.0,0.0
RE0013,PR001,3.0,3.0,0.0
RE0013,PR002,3.0,3.0,0.0
RE0013,PR003,7.0,8.0,0.0
RE0013,PR004,3.0,4.0,0.0
RE0013,PR005,3.0,4.0,0.0
RE0013,PR006,3.0,3.0,0.0
RE0013,PR008,6.0,6.0,0.0
RE0013,PR009,0.0,1.0,0.0
RE0013,PR010,0.0,1.0,0.0
RE0013,PR013,3.0,3.0,0.0
RE0013,PR019,0.0,1.0,0.0
RE0013,PR022,4.0,5.0,0.0
RE0013,PR023,0.0,1.0,0.0
RE0013,PR025,3.0,3.0,0.0
RE0014,PR001,8.0,3.0,0.12
RE0014,PR002,3.0,3.0,0.0
RE0014,PR003,8.0,8.0,0.0
RE0014,PR004,3.0,4.0,0.0
RE0014,PR005,4.0,4.0,0.0
RE0014,PR006,2.0,3.0,0.0
RE0014,PR008,5.0,6.0,0.0
RE0014,PR009,0.0,1.0,0.0
RE0014,PR010,0.0,1.0,0.0
RE0014,PR013,3.0,3.0,0.0
RE0014,PR019,0.0,1.0,0.0
RE0014,PR022,4.0,5.0,0.0
RE0014,PR023,0.0,1.0,0.0
RE0014,PR025,2.0,3.0,0.0
RE0015,PR001,3.0,3.0,0.0
RE0015,PR002,2.0,3.0,0.0
RE0015,PR003,7.0,8.0,0.0
RE0015,PR004,3.0,4.0,0.0
RE0015,PR005,3.0,4.0,0.0
RE0015,PR006,3.0,3.0,0.0
RE0015,PR008,5.0,6.0,0.0
RE0015,PR009,0.0,1.0,0.0
RE0015,PR010,0.0,1.0,0.0
RE0015,PR013,2.0,3.0,0.0
RE0015,PR019,6.0,2.0,0.1
RE0015,PR022,4.0,5.0,0.0
RE0015,PR023,0.0,1.0,0.0
RE0015,PR025,2.0,3.0,0.0
RE0016,PR001,2.0,3.0,0.0
RE0016,PR002,2.0,3.0,0.0
RE0016,PR003,7.0,8.0,0.0
RE0016,PR004,3.0,4.0,0.0
RE0016,PR005,4.0,4.0,0.0
RE0016,PR006,3.0,3.0,0.0
RE0016,PR008,5.0,6.0,0.0
RE0016,PR009,0.0,1.0,0.0
RE0016,PR010,0.0,1.0,0.0
RE0016,PR013,2.0,3.0,0.0
RE0016,PR019,0.0,1.0,0.0
RE0016,PR022,5.0,5.0,0.0
RE0016,PR023,0.0,1.0,0.0
RE0016,PR025,3.0,3.0,0.0
RE0017,PR001,3.0,3.0,0.0
RE0017,PR002,3.0,3.0,0.0
RE0017,PR003,8.0,8.0,0.0
RE0017,PR004,3.0,4.0,0.0
RE0017,PR005,3.0,4.0,0.0
RE0017,PR006,3.0,3.0,0.0
RE0017,PR008,5.0,6.0,0.0
RE0017,PR009,0.0,1.0,0.0
RE0017,PR010,0.0,1.0,0.0
RE0017,PR013,3.0,3.0,0.0
RE0017,PR019,0.0,1.0,0.0
RE0017,PR022,5.0,5.0,0.0
RE0017,PR023,8.0,3.0,0.14
RE0017,PR025,3.0,3.0,0.0
RE0018,PR001,3.0,3.0,0.0
RE0018,PR002,3.0,3.0,0.0
RE0018,PR003,7.0,8.0,0.0
RE0018,PR004,3.0,4.0,0.0
RE0018,PR005,3.0,4.0,0.0
RE0018,PR006,7.0,3.0,0.18
RE0018,PR008,5.0,6.0,0.0
RE0018,PR009,0.0,1.0,0.0
RE0018,PR010,0.0,1.0,0.0
RE0018,PR013,2.0,3.0,0.0
RE0018,PR019,0.0,1.0,0.0
RE0018,PR022,5.0,5.0,0.0
RE0018,PR023,1.0,1.0,0.0
RE0018,PR025,3.0,3.0,0.0
RE0019,PR001,2.0,3.0,0.0
RE0019,PR002,6.0,3.0,0.08
RE0019,PR003,8.0,8.0,0.0
RE0019,PR004,3.0,4.0,0.0
RE0019,PR005,3.0,4.0,0.0
RE0019,PR006,2.0,3.0,0.0
RE0019,PR008,5.0,6.0,0.0
RE0019,PR009,7.0,2.0,0.1
RE0019,PR010,0.0,1.0,0.0
RE0019,PR013,3.0,3.0,0.0
RE0019,PR019,0.0,1.0,0.0
RE0019,PR022,4.0,5.0,0.0
RE0019,PR023,0.0,1.0,0.0
RE0019,PR025,2.0,3.0,0.0
RE0020,PR001,3.0,3.0,0.0
RE0020,PR002,3.0,3.0,0.0
RE0020,PR003,7.0,8.0,0.0
RE0020,PR004,3.0,4.0,0.0
RE0020,PR005,4.0,4.0,0.0
RE0020,PR006,2.0,3.0,0.0
RE0020,PR008,5.0,6.0,0.0
RE0020,PR009,0.0,1.0,0.0
RE0020,PR010,0.0,1.0,0.0
RE0020,PR013,3.0,3.0,0.0
RE0020,PR019,0.0,1.0,0.0
RE0020,PR022,4.0,5.0,0.0
RE0020,PR023,0.0,1.0,0.0
RE0020,PR025,2.0,3.0,0.0
RE0021,PR001,2.0,3.0,0.0
RE0021,PR002,2.0,3.0,0.0
RE0021,PR003,8.0,8.0,0.0
RE0021,PR004,3.0,4.0,0.0
RE0021,PR005,4.0,4.0,0.0
RE0021,PR006,3.0,3.0,0.0
RE0021,PR008,5.0,6.0,0.0
RE0021,PR009,0.0,1.0,0.0
RE0021,PR010,0.0,1.0,0.0
RE0021,PR013,3.0,3.0,0.0
RE0021,PR019,0.0,1.0,0.0
RE0021,PR022,5.0,5.0,0.0
RE0021,PR023,1.0,1.0,0.0
RE0021,PR025,2.0,3.0,0.0
RE0022,PR001,2.0,3.0,0.0
RE0022,PR002,3.0,3.0,0.0
RE0022,PR003,7.0,8.0,0.0
RE0022,PR004,3.0,4.0,0.0
RE0022,PR005,4.0,4.0,0.0
RE0022,PR006,2.0,3.0,0.0
RE0022,PR008,5.0,6.0,0.0
RE0022,PR009,0.0,1.0,0.0
RE0022,PR010,0.0,1.0,0.0
RE0022,PR013,7.0,3.0,0.08
RE0022,PR019,0.0,1.0,0.0
RE0022,PR022,5.0,5.0,0.0
RE0022,PR023,1.0,1.0,0.0
RE0022,PR025,2.0,3.0,0.0
RE0023,PR001,2.0,3.0,0.0
RE0023,PR002,2.0,3.0,0.0
RE0023,PR003,7.0,8.0,0.0
RE0023,PR004,3.0,4.0,0.0
RE0023,PR005,4.0,4.0,0.0
RE0023,PR006,3.0,3.0,0.0
RE0023,PR008,5.0,6.0,0.0
RE0023,PR009,0.0,1.0,0.0
RE0023,PR010,0.0,1.0,0.0
RE0023,PR013,2.0,3.0,0.0
RE0023,PR019,0.0,1.0,0.0
RE0023,PR022,4.0,5.0,0.0
RE0023,PR023,0.0,1.0,0.0
RE0023,PR025,3.0,3.0,0.0
RE0024,PR001,2.0,3.0,0.0
RE0024,PR002,3.0,3.0,0.0
RE0024,PR003,11.0,8.0,0.12
RE0024,PR004,3.0,4.0,0.0
RE0024,PR005,3.0,4.0,0.0
RE0024,PR006,3.0,3.0,0.0
RE0024,PR008,11.0,6.0,0.18
RE0024,PR009,0.0,1.0,0.0
RE0024,PR010,0.0,1.0,0.0
RE0024,PR013,2.0,3.0,0.0
RE0024,PR019,0.0,1.0,0.0
RE0024,PR022,9.0,5.0,0.12
RE0024,PR023,0.0,1.0,0.0
RE0024,PR025,2.0,3.0,0.0
